20120,Acer,Aspire E55,Disponível,SEM DEFEITOS,02-01-2023
20133,HP,Envy x360 13,Disponível,SEM DEFEITOS,04-01-2023
20135,Asus,ZenBook 14,Disponível,SEM DEFEITOS,05-01-2023
20131,Lenovo,ThinkPad E14,Disponível,SEM DEFEITOS,06-01-2023
20129,Samsung,Galaxy Book S,Disponível,SEM DEFEITOS,07-01-2023
20121,Acer,Aspire F32,Disponível,SEM DEFEITOS,10-01-2023
20125,Asus,ROG Z99,Disponível,SEM DEFEITOS,11-01-2023
20134,Dell,XPS 13,Disponível,SEM DEFEITOS,12-01-2023
20128,Apple,MacBook Pro 15,Disponível,SEM DEFEITOS,14-01-2023
20137,Toshiba,Portégé X30,Disponível,SEM DEFEITOS,15-01-2023
20124,Lenovo,IdeaPad A68,Disponível,SEM DEFEITOS,16-01-2023
20123,Dell,Inspiron X47,Disponível,SEM DEFEITOS,18-01-2023
20132,Acer,Swift 3X,Disponível,SEM DEFEITOS,19-01-2023
20138,Apple,MacBook Air,Disponível,SEM DEFEITOS,21-01-2023
20127,Toshiba,Satellite T82,Disponível,SEM DEFEITOS,22-01-2023
20136,MSI,Prestige 14,Disponível,SEM DEFEITOS,24-01-2023
20122,HP,Pavilion G72,Disponível,SEM DEFEITOS,25-01-2023
20126,MSI,GS65 Stealth,Disponível,SEM DEFEITOS,27-01-2023
20130,Microsoft,Surface Laptop 4,Disponível,SEM DEFEITOS,28-01-2023
20139,Samsung,Chromebook Pro,Disponível,SEM DEFEITOS,29-01-2023
